Model,RMSE,MAE,MAPE (%)
Ensemble_Top2,30.81768611757975,22.68543310940162,2.178922683844336
LightGBM,30.9716645158984,22.850784780929715,2.1929824171852212
XGBoost,32.06254831773249,23.149842747279575,2.224322763577384
Ensemble_Weighted,33.447721217727775,26.49764439331198,2.6430877659285654
Ensemble_Avg,47.042057479944006,38.44650158595757,3.89488818224221
LSTM,71.85256135188743,57.478361642990876,5.849331728057025
Prophet,111.71412527622941,94.26727147381237,9.349081995913247
