Model,RMSE,MAE,MAPE (%)
Simple LSTM,39.71152250343718,29.26596682910496,2.8304478042214556
Stacked LSTM,71.85256135188745,57.478361642990876,5.849331728057025
Bidirectional LSTM,65.68505485707341,52.464982735783806,4.882192848724232
