Model,RMSE,MAE,MAPE (%)
Ridge,46.245400484902824,36.842949002994935,3.48142415825878
Random Forest,40.096023132969925,26.707273730926794,2.6328568525561162
XGBoost,32.06254831773249,23.149842747279575,2.224322763577384
LightGBM,30.9716645158984,22.850784780929715,2.1929824171852212
