Model,RMSE,MAE,MAPE (%)
Prophet Basic,111.71412527622941,94.26727147381237,9.349081995913247
Prophet + Holidays,139.78662639263243,107.7919451899931,11.149796199004285
Prophet + Weather,131.79037351351914,96.98820185641522,10.311289616816984
